Raw2 Per Student Budget,Raw2 Average Math Score,Raw2 Average Reading Score,Raw2 % Passing Math,Raw2 % Passing Reading,Raw2 % Overall Passing Rate
<$585,83.45539900855027,83.93381405396646,93.46009572653237,96.61087677671375,95.03548625162307
$585-615,83.59968584755637,83.88521128257074,94.230857774299,95.90028699909449,95.06557238669674
$615-645,79.0792248837525,81.8914356294729,75.66821174919805,86.10656928549987,80.88739051734898
$645-675,76.99720981240274,81.0278425571344,66.16481311032454,81.13395072128019,73.64938191580237
