Raw2 Total Students,Raw2 Average Math Score,Raw2 Average Reading Score,Raw2 % Passing Math,Raw2 % Passing Reading,Raw2 % Overall Passing Rate
Small < 1000,83.82159776422071,83.92984341754834,93.55022469776569,96.09943667320715,94.82483068548642
Medium 1000 to 2499,83.35793657705462,83.8852798504512,93.64436514753766,96.7488401396359,95.19660264358679
Large 2500 to 5000,76.95673306832398,80.96663632734915,66.54845257144746,80.79906211395057,73.67375734269902
