Raw2 School Type,Raw2 Average Math Score,Raw2 Average Reading Score,Raw2 % Passing Math,Raw2 % Passing Reading,Raw2 % Overall Passing Rate
Charter,83.47385187384614,83.89642074222549,93.62083003509464,96.58648927302872,95.10365965406169
District,76.95673306832398,80.96663632734915,66.54845257144746,80.79906211395057,73.67375734269902
